id,bird_id,image_url,source,license,photographer,is_active,created_at
8f6f0b64-6157-4672-b88c-643d122afef5,74092af4-68ef-4e3c-8bb0-44a7169fe61a,https://inaturalist-open-data.s3.amazonaws.com/photos/545254356/original.jpg,iNaturalist,CC BY,sunnyjosef,True,2025-08-02 12:14:49
896dce74-d72d-46dd-b6b5-5afdfe2f31bd,74092af4-68ef-4e3c-8bb0-44a7169fe61a,https://inaturalist-open-data.s3.amazonaws.com/photos/545254355/original.jpg,iNaturalist,CC BY,sunnyjosef,True,2025-08-02 12:14:49
3bcb471e-cedf-4bab-9a09-75f4b4554058,74092af4-68ef-4e3c-8bb0-44a7169fe61a,https://inaturalist-open-data.s3.amazonaws.com/photos/545254342/original.jpg,iNaturalist,CC BY,sunnyjosef,True,2025-08-02 12:14:49
055f4608-9fdf-413e-a198-fb454d547dc6,74092af4-68ef-4e3c-8bb0-44a7169fe61a,https://inaturalist-open-data.s3.amazonaws.com/photos/545254341/original.jpg,iNaturalist,CC BY,sunnyjosef,True,2025-08-02 12:14:49
834255ff-bf5c-4142-a4f5-b6a41842ccd8,74092af4-68ef-4e3c-8bb0-44a7169fe61a,https://inaturalist-open-data.s3.amazonaws.com/photos/543131355/original.jpg,iNaturalist,CC BY,livson,True,2025-08-02 12:14:49
d58a1694-ad49-4d92-84a6-78615a9724b0,74092af4-68ef-4e3c-8bb0-44a7169fe61a,https://inaturalist-open-data.s3.amazonaws.com/photos/542651111/original.jpg,iNaturalist,CC BY,genevieveearly,True,2025-08-02 12:14:49
2b717ee9-1cd7-45cd-b20c-12a364fde684,74092af4-68ef-4e3c-8bb0-44a7169fe61a,https://inaturalist-open-data.s3.amazonaws.com/photos/542651131/original.jpg,iNaturalist,CC BY,genevieveearly,True,2025-08-02 12:14:49
f71475de-936f-4263-82e1-5d9604ed6d4d,74092af4-68ef-4e3c-8bb0-44a7169fe61a,https://inaturalist-open-data.s3.amazonaws.com/photos/539474136/original.jpg,iNaturalist,CC BY,renju,True,2025-08-02 12:14:49
ae133cc5-c70c-4996-89ba-c20277fae381,74092af4-68ef-4e3c-8bb0-44a7169fe61a,https://inaturalist-open-data.s3.amazonaws.com/photos/539454214/original.jpg,iNaturalist,CC BY,renju,True,2025-08-02 12:14:49
67cb0283-bb47-4da2-90df-5dfd4f4f12b9,74092af4-68ef-4e3c-8bb0-44a7169fe61a,https://inaturalist-open-data.s3.amazonaws.com/photos/537145099/original.jpg,iNaturalist,CC BY,gurumukhi,True,2025-08-02 12:14:49
c2f02689-4583-4260-9660-5916b67edd96,74092af4-68ef-4e3c-8bb0-44a7169fe61a,https://inaturalist-open-data.s3.amazonaws.com/photos/537145180/original.jpg,iNaturalist,CC BY,gurumukhi,True,2025-08-02 12:14:49
b1f3ad43-21bd-497f-a49a-d854dd76a7ba,74092af4-68ef-4e3c-8bb0-44a7169fe61a,https://inaturalist-open-data.s3.amazonaws.com/photos/537145211/original.jpg,iNaturalist,CC BY,gurumukhi,True,2025-08-02 12:14:49
6063e331-2745-4750-b22d-a9f7126bd238,74092af4-68ef-4e3c-8bb0-44a7169fe61a,https://inaturalist-open-data.s3.amazonaws.com/photos/537144879/original.jpg,iNaturalist,CC BY,gurumukhi,True,2025-08-02 12:14:49
c44c9b26-9967-4ca2-a970-4f19cd6b40a9,74092af4-68ef-4e3c-8bb0-44a7169fe61a,https://inaturalist-open-data.s3.amazonaws.com/photos/537144804/original.jpg,iNaturalist,CC BY,gurumukhi,True,2025-08-02 12:14:49
6e760429-c64f-4ac0-94b0-061e8fad8ce4,74092af4-68ef-4e3c-8bb0-44a7169fe61a,https://inaturalist-open-data.s3.amazonaws.com/photos/537145320/original.jpg,iNaturalist,CC BY,gurumukhi,True,2025-08-02 12:14:49
62d306f9-b8ae-4db8-98c1-50478f594d9b,74092af4-68ef-4e3c-8bb0-44a7169fe61a,https://inaturalist-open-data.s3.amazonaws.com/photos/537144426/original.jpg,iNaturalist,CC BY,gurumukhi,True,2025-08-02 12:14:49
ce6d2cae-d089-4eac-8c4a-98731b65e143,74092af4-68ef-4e3c-8bb0-44a7169fe61a,https://inaturalist-open-data.s3.amazonaws.com/photos/537145284/original.jpg,iNaturalist,CC BY,gurumukhi,True,2025-08-02 12:14:49
2354a43b-9eb4-4c85-838a-e91c74410343,74092af4-68ef-4e3c-8bb0-44a7169fe61a,https://inaturalist-open-data.s3.amazonaws.com/photos/533979744/original.jpg,iNaturalist,CC BY,renju,True,2025-08-02 12:14:49
10da31f2-7759-43df-a5eb-6d3a3eea0139,74092af4-68ef-4e3c-8bb0-44a7169fe61a,https://inaturalist-open-data.s3.amazonaws.com/photos/529640393/original.jpg,iNaturalist,CC BY,sunnyjosef,True,2025-08-02 12:14:49
34c9a9f3-b6bd-49ea-9259-3d1c1dd5d76d,74092af4-68ef-4e3c-8bb0-44a7169fe61a,https://inaturalist-open-data.s3.amazonaws.com/photos/527409152/original.jpg,iNaturalist,CC0,loganstecker,True,2025-08-02 12:14:49
3dc914a2-ca55-42d0-9b5b-55d657ab4621,74092af4-68ef-4e3c-8bb0-44a7169fe61a,https://inaturalist-open-data.s3.amazonaws.com/photos/518642964/original.jpg,iNaturalist,CC BY,sunnyjosef,True,2025-08-02 12:14:49
f7ac9690-f221-4fa4-b84e-a2b76413801d,74092af4-68ef-4e3c-8bb0-44a7169fe61a,https://inaturalist-open-data.s3.amazonaws.com/photos/518167271/original.jpg,iNaturalist,CC BY,afsarnayakkan,True,2025-08-02 12:14:49
7bd737a2-7d28-492f-9560-cbd8457f39c8,74092af4-68ef-4e3c-8bb0-44a7169fe61a,https://inaturalist-open-data.s3.amazonaws.com/photos/518167304/original.jpg,iNaturalist,CC BY,afsarnayakkan,True,2025-08-02 12:14:49
449e7e2f-ec4f-4a49-8b08-bf41128f4dac,74092af4-68ef-4e3c-8bb0-44a7169fe61a,https://inaturalist-open-data.s3.amazonaws.com/photos/518167145/original.jpg,iNaturalist,CC BY,afsarnayakkan,True,2025-08-02 12:14:49
433575f6-c7e7-47c5-badf-507d52c87120,74092af4-68ef-4e3c-8bb0-44a7169fe61a,https://inaturalist-open-data.s3.amazonaws.com/photos/518167186/original.jpg,iNaturalist,CC BY,afsarnayakkan,True,2025-08-02 12:14:49
37e61f7e-36a9-40b0-84a1-a184342edc34,74092af4-68ef-4e3c-8bb0-44a7169fe61a,https://inaturalist-open-data.s3.amazonaws.com/photos/518167212/original.jpg,iNaturalist,CC BY,afsarnayakkan,True,2025-08-02 12:14:49
601412e9-26d1-49cd-8e37-85f3c9b5b30b,74092af4-68ef-4e3c-8bb0-44a7169fe61a,https://inaturalist-open-data.s3.amazonaws.com/photos/518167239/original.jpg,iNaturalist,CC BY,afsarnayakkan,True,2025-08-02 12:14:49
347ab15c-a0bb-4c97-822e-5e3eeb03413f,74092af4-68ef-4e3c-8bb0-44a7169fe61a,https://inaturalist-open-data.s3.amazonaws.com/photos/517803200/original.jpg,iNaturalist,CC BY,afsarnayakkan,True,2025-08-02 12:14:49
37ab7497-6abf-4b76-bd84-e1096c925040,74092af4-68ef-4e3c-8bb0-44a7169fe61a,https://inaturalist-open-data.s3.amazonaws.com/photos/517803297/original.jpg,iNaturalist,CC BY,afsarnayakkan,True,2025-08-02 12:14:49
76dfa490-3907-4f02-9919-d5e6bda8601c,74092af4-68ef-4e3c-8bb0-44a7169fe61a,https://inaturalist-open-data.s3.amazonaws.com/photos/517033865/original.jpg,iNaturalist,CC BY,adityarrao,True,2025-08-02 12:14:49
2f7c81d8-1b17-484f-b9ef-396ebc2d8c0e,74092af4-68ef-4e3c-8bb0-44a7169fe61a,https://inaturalist-open-data.s3.amazonaws.com/photos/516478915/original.jpg,iNaturalist,CC BY,navaneethsinigeorge,True,2025-08-02 12:14:49
3f5e58a3-4900-4192-82dd-b7e34c153a4d,74092af4-68ef-4e3c-8bb0-44a7169fe61a,https://inaturalist-open-data.s3.amazonaws.com/photos/516478977/original.jpg,iNaturalist,CC BY,navaneethsinigeorge,True,2025-08-02 12:14:49
20e460f8-95ad-4ae1-97f9-91678d5eef52,74092af4-68ef-4e3c-8bb0-44a7169fe61a,https://inaturalist-open-data.s3.amazonaws.com/photos/516477067/original.jpg,iNaturalist,CC BY,navaneethsinigeorge,True,2025-08-02 12:14:49
56a22e9a-e38c-410e-a17c-48b56ef7de5a,74092af4-68ef-4e3c-8bb0-44a7169fe61a,https://inaturalist-open-data.s3.amazonaws.com/photos/516014881/original.jpg,iNaturalist,CC BY,afsarnayakkan,True,2025-08-02 12:14:49
6a87b0a3-9f09-45fa-abd7-2e0d31f9e6ea,74092af4-68ef-4e3c-8bb0-44a7169fe61a,https://inaturalist-open-data.s3.amazonaws.com/photos/516014928/original.jpg,iNaturalist,CC BY,afsarnayakkan,True,2025-08-02 12:14:49
06077e51-2d5e-463b-8a01-f20648c5a5dc,74092af4-68ef-4e3c-8bb0-44a7169fe61a,https://inaturalist-open-data.s3.amazonaws.com/photos/513953568/original.jpg,iNaturalist,CC BY,navaneethsinigeorge,True,2025-08-02 12:14:49
a7d6d3bb-275f-4b23-9e45-b2623ca9ee08,74092af4-68ef-4e3c-8bb0-44a7169fe61a,https://inaturalist-open-data.s3.amazonaws.com/photos/513919664/original.jpg,iNaturalist,CC BY,navaneethsinigeorge,True,2025-08-02 12:14:49
ca9b0309-f213-41b2-8219-3d692bd0f3d4,74092af4-68ef-4e3c-8bb0-44a7169fe61a,https://inaturalist-open-data.s3.amazonaws.com/photos/513919563/original.jpg,iNaturalist,CC BY,navaneethsinigeorge,True,2025-08-02 12:14:49
71ec0a6f-cf97-4190-99e7-291ab8d8f1d7,74092af4-68ef-4e3c-8bb0-44a7169fe61a,https://inaturalist-open-data.s3.amazonaws.com/photos/513919594/original.jpg,iNaturalist,CC BY,navaneethsinigeorge,True,2025-08-02 12:14:49
fb46743a-54ce-43d6-86d2-a0d083811472,74092af4-68ef-4e3c-8bb0-44a7169fe61a,https://inaturalist-open-data.s3.amazonaws.com/photos/513919510/original.jpg,iNaturalist,CC BY,navaneethsinigeorge,True,2025-08-02 12:14:49
39be3041-53c5-43f4-b432-6865f9ea57b2,74092af4-68ef-4e3c-8bb0-44a7169fe61a,https://inaturalist-open-data.s3.amazonaws.com/photos/513919511/original.jpg,iNaturalist,CC BY,navaneethsinigeorge,True,2025-08-02 12:14:49
5fe8ffe9-59a7-450a-a06a-2d73db4e8191,74092af4-68ef-4e3c-8bb0-44a7169fe61a,https://inaturalist-open-data.s3.amazonaws.com/photos/513919053/original.jpg,iNaturalist,CC BY,navaneethsinigeorge,True,2025-08-02 12:14:49
3f899c0e-4728-4e03-8e0b-da06538915a1,5c4d45ac-3ce7-4643-a4d5-56350ac6c735,https://inaturalist-open-data.s3.amazonaws.com/photos/545874219/original.jpg,iNaturalist,CC BY,gjecology,True,2025-08-02 12:15:03
60c95588-7616-4b8c-be31-d0efaec1ac1e,5c4d45ac-3ce7-4643-a4d5-56350ac6c735,https://inaturalist-open-data.s3.amazonaws.com/photos/545845969/original.jpg,iNaturalist,CC BY,gjecology,True,2025-08-02 12:15:03
03bc57ac-88c4-4ddd-b2b4-b5716d4053f7,5c4d45ac-3ce7-4643-a4d5-56350ac6c735,https://inaturalist-open-data.s3.amazonaws.com/photos/545845419/original.jpg,iNaturalist,CC BY,gjecology,True,2025-08-02 12:15:03
f605fb45-8e53-4acd-a43d-2959cfa5dae4,5c4d45ac-3ce7-4643-a4d5-56350ac6c735,https://inaturalist-open-data.s3.amazonaws.com/photos/545841807/original.jpg,iNaturalist,CC BY,gjecology,True,2025-08-02 12:15:03
fddb472f-b379-4f31-acaf-7fa3d226ba23,5c4d45ac-3ce7-4643-a4d5-56350ac6c735,https://inaturalist-open-data.s3.amazonaws.com/photos/545841520/original.jpg,iNaturalist,CC BY,gjecology,True,2025-08-02 12:15:03
6e9cca8e-0277-4b28-9ae4-a93c44baafde,5c4d45ac-3ce7-4643-a4d5-56350ac6c735,https://inaturalist-open-data.s3.amazonaws.com/photos/545460216/original.jpg,iNaturalist,CC BY,donalddavesne,True,2025-08-02 12:15:03
8e00b9e8-8f7c-489f-a5c9-b02770357443,5c4d45ac-3ce7-4643-a4d5-56350ac6c735,https://inaturalist-open-data.s3.amazonaws.com/photos/545348900/original.jpg,iNaturalist,CC BY,donalddavesne,True,2025-08-02 12:15:03
2ab00675-de74-42b0-969d-298a8f604308,5c4d45ac-3ce7-4643-a4d5-56350ac6c735,https://inaturalist-open-data.s3.amazonaws.com/photos/545348903/original.jpg,iNaturalist,CC BY,donalddavesne,True,2025-08-02 12:15:03
8b94c7f7-4285-4e1a-acac-c8a81bfdfce0,5c4d45ac-3ce7-4643-a4d5-56350ac6c735,https://inaturalist-open-data.s3.amazonaws.com/photos/545348909/original.jpg,iNaturalist,CC BY,donalddavesne,True,2025-08-02 12:15:03
56743de7-e249-42f0-8706-93ee3d7fc4bd,5c4d45ac-3ce7-4643-a4d5-56350ac6c735,https://inaturalist-open-data.s3.amazonaws.com/photos/533670282/original.jpg,iNaturalist,CC BY,dimus,True,2025-08-02 12:15:03
86016c0f-209e-47e2-a0c4-649d7570150b,5c4d45ac-3ce7-4643-a4d5-56350ac6c735,https://inaturalist-open-data.s3.amazonaws.com/photos/529418451/original.jpg,iNaturalist,CC BY,jlayman,True,2025-08-02 12:15:03
c4d8710d-1e5b-476c-9681-eed4e1dd9b60,5c4d45ac-3ce7-4643-a4d5-56350ac6c735,https://inaturalist-open-data.s3.amazonaws.com/photos/529418450/original.jpg,iNaturalist,CC BY,jlayman,True,2025-08-02 12:15:03
7dbc228c-e7e8-4c0f-ad72-cb4b8653837a,5c4d45ac-3ce7-4643-a4d5-56350ac6c735,https://inaturalist-open-data.s3.amazonaws.com/photos/529418441/original.jpg,iNaturalist,CC BY,jlayman,True,2025-08-02 12:15:03
56fc9a19-9073-44d6-8b17-62f642ada8ad,5c4d45ac-3ce7-4643-a4d5-56350ac6c735,https://inaturalist-open-data.s3.amazonaws.com/photos/523231370/original.jpg,iNaturalist,CC BY,inkasaur,True,2025-08-02 12:15:03
e21513c2-9e05-436e-aed0-e14a74d3ffb3,5c4d45ac-3ce7-4643-a4d5-56350ac6c735,https://inaturalist-open-data.s3.amazonaws.com/photos/523231276/original.jpg,iNaturalist,CC BY,inkasaur,True,2025-08-02 12:15:03
b4d2c9c6-ab45-4b04-81e2-031af1d0cabe,5c4d45ac-3ce7-4643-a4d5-56350ac6c735,https://inaturalist-open-data.s3.amazonaws.com/photos/521620602/original.jpg,iNaturalist,CC BY,marcelllo,True,2025-08-02 12:15:03
e836ac62-fe2d-42e7-85ba-e42da759aa7b,5c4d45ac-3ce7-4643-a4d5-56350ac6c735,https://inaturalist-open-data.s3.amazonaws.com/photos/521620580/original.jpg,iNaturalist,CC BY,marcelllo,True,2025-08-02 12:15:03
5c81584c-284a-4309-9d64-cbc55e03d779,5c4d45ac-3ce7-4643-a4d5-56350ac6c735,https://inaturalist-open-data.s3.amazonaws.com/photos/521569311/original.jpg,iNaturalist,CC BY,staffordcorey,True,2025-08-02 12:15:03
d6d9cb42-1cb6-4052-be0d-caa3bf06e1d8,5c4d45ac-3ce7-4643-a4d5-56350ac6c735,https://inaturalist-open-data.s3.amazonaws.com/photos/521569355/original.jpg,iNaturalist,CC BY,staffordcorey,True,2025-08-02 12:15:03
2ab1295e-d92a-42a1-a887-68f3c054b45e,5c4d45ac-3ce7-4643-a4d5-56350ac6c735,https://inaturalist-open-data.s3.amazonaws.com/photos/521569323/original.jpg,iNaturalist,CC BY,staffordcorey,True,2025-08-02 12:15:03
1f9ab491-6f36-40ad-8ef7-c99aaad18bb3,5c4d45ac-3ce7-4643-a4d5-56350ac6c735,https://inaturalist-open-data.s3.amazonaws.com/photos/521569369/original.jpg,iNaturalist,CC BY,staffordcorey,True,2025-08-02 12:15:03
1f583888-7355-4fd0-b978-a07835cc13ac,5c4d45ac-3ce7-4643-a4d5-56350ac6c735,https://inaturalist-open-data.s3.amazonaws.com/photos/521569346/original.jpg,iNaturalist,CC BY,staffordcorey,True,2025-08-02 12:15:03
931c32a7-7339-49d7-b1ac-f1380eb437b3,5c4d45ac-3ce7-4643-a4d5-56350ac6c735,https://inaturalist-open-data.s3.amazonaws.com/photos/521569350/original.jpg,iNaturalist,CC BY,staffordcorey,True,2025-08-02 12:15:03
b2c5976d-2c8e-4e2e-9d70-1ebcd6a1d445,5c4d45ac-3ce7-4643-a4d5-56350ac6c735,https://inaturalist-open-data.s3.amazonaws.com/photos/521569416/original.jpg,iNaturalist,CC BY,staffordcorey,True,2025-08-02 12:15:03
911303ba-e48c-47f4-a846-d7a61016f95a,5c4d45ac-3ce7-4643-a4d5-56350ac6c735,https://inaturalist-open-data.s3.amazonaws.com/photos/521569451/original.jpg,iNaturalist,CC BY,staffordcorey,True,2025-08-02 12:15:03
f7adaaec-8cf3-4df8-9e8a-e632962efeef,5c4d45ac-3ce7-4643-a4d5-56350ac6c735,https://inaturalist-open-data.s3.amazonaws.com/photos/521569504/original.jpg,iNaturalist,CC BY,staffordcorey,True,2025-08-02 12:15:03
c7e289e6-3bbe-4da6-92cf-e5dbcc2dd4be,5c4d45ac-3ce7-4643-a4d5-56350ac6c735,https://inaturalist-open-data.s3.amazonaws.com/photos/521569460/original.jpg,iNaturalist,CC BY,staffordcorey,True,2025-08-02 12:15:03
38ea97ab-18a7-404b-aee9-e01213ffe071,5c4d45ac-3ce7-4643-a4d5-56350ac6c735,https://inaturalist-open-data.s3.amazonaws.com/photos/520304677/original.jpg,iNaturalist,CC BY,gt25,True,2025-08-02 12:15:03
e5d7c86d-06f8-4b14-a607-0fcce4d6c9f6,5c4d45ac-3ce7-4643-a4d5-56350ac6c735,https://inaturalist-open-data.s3.amazonaws.com/photos/520304681/original.jpg,iNaturalist,CC BY,gt25,True,2025-08-02 12:15:03
381de9d1-ac8b-4cd2-b67b-4ef895744be7,5c4d45ac-3ce7-4643-a4d5-56350ac6c735,https://inaturalist-open-data.s3.amazonaws.com/photos/515565087/original.jpg,iNaturalist,CC BY,dimus,True,2025-08-02 12:15:03
61088841-1801-4ea7-a5e1-24804856f09e,5c4d45ac-3ce7-4643-a4d5-56350ac6c735,https://inaturalist-open-data.s3.amazonaws.com/photos/515565099/original.jpg,iNaturalist,CC BY,dimus,True,2025-08-02 12:15:03
8415fd50-819e-413f-8a79-eed927c1c49a,2b1e5f55-dfeb-48c5-b870-86eaa26291dc,https://inaturalist-open-data.s3.amazonaws.com/photos/535077430/original.jpg,iNaturalist,CC BY,karimhaddad,True,2025-08-02 12:15:17
2712f490-0ffc-4508-ad34-c0aabb3741f1,2b1e5f55-dfeb-48c5-b870-86eaa26291dc,https://inaturalist-open-data.s3.amazonaws.com/photos/535077375/original.jpg,iNaturalist,CC BY,karimhaddad,True,2025-08-02 12:15:17
61457406-7783-4a29-8a2d-0b01fb29d6d2,2b1e5f55-dfeb-48c5-b870-86eaa26291dc,https://inaturalist-open-data.s3.amazonaws.com/photos/533911560/original.jpg,iNaturalist,CC BY,soulette,True,2025-08-02 12:15:17
40a60a2e-278a-4f33-8b66-4c86fe4377e8,2b1e5f55-dfeb-48c5-b870-86eaa26291dc,https://inaturalist-open-data.s3.amazonaws.com/photos/531121995/original.jpg,iNaturalist,CC BY,lisemari,True,2025-08-02 12:15:17
6879fc51-d04a-4bf3-9272-657c3c4d60c3,2b1e5f55-dfeb-48c5-b870-86eaa26291dc,https://inaturalist-open-data.s3.amazonaws.com/photos/531122027/original.jpg,iNaturalist,CC BY,lisemari,True,2025-08-02 12:15:17
b09ec51e-405a-4171-b593-7493220102c8,2b1e5f55-dfeb-48c5-b870-86eaa26291dc,https://inaturalist-open-data.s3.amazonaws.com/photos/528888839/original.jpg,iNaturalist,CC0,dinomariobob,True,2025-08-02 12:15:17
5e853e8b-d616-437a-b39c-5ce2a02c654f,2b1e5f55-dfeb-48c5-b870-86eaa26291dc,https://inaturalist-open-data.s3.amazonaws.com/photos/525476999/original.jpg,iNaturalist,CC BY,lesleymarr,True,2025-08-02 12:15:17
9ebb1a6c-d67d-462a-aeb5-e02f0b246500,2b1e5f55-dfeb-48c5-b870-86eaa26291dc,https://inaturalist-open-data.s3.amazonaws.com/photos/525477001/original.jpg,iNaturalist,CC BY,lesleymarr,True,2025-08-02 12:15:17
815d28cc-f02e-4ac9-933b-480ceb9cd9f9,2b1e5f55-dfeb-48c5-b870-86eaa26291dc,https://inaturalist-open-data.s3.amazonaws.com/photos/525477013/original.jpg,iNaturalist,CC BY,lesleymarr,True,2025-08-02 12:15:17
ee66e7a9-6383-424d-8ac3-261672bec715,2b1e5f55-dfeb-48c5-b870-86eaa26291dc,https://inaturalist-open-data.s3.amazonaws.com/photos/520275634/original.jpg,iNaturalist,CC BY,gt25,True,2025-08-02 12:15:17
a5cda640-265a-4e18-bb03-414755825a97,2b1e5f55-dfeb-48c5-b870-86eaa26291dc,https://inaturalist-open-data.s3.amazonaws.com/photos/520275631/original.jpg,iNaturalist,CC BY,gt25,True,2025-08-02 12:15:17
f8ae4cee-904d-422d-9f2c-649bad47dd98,2b1e5f55-dfeb-48c5-b870-86eaa26291dc,https://inaturalist-open-data.s3.amazonaws.com/photos/519486304/original.jpg,iNaturalist,CC BY,gt25,True,2025-08-02 12:15:17
d33e5834-689e-496e-82c4-17a1f1655353,2b1e5f55-dfeb-48c5-b870-86eaa26291dc,https://inaturalist-open-data.s3.amazonaws.com/photos/489373863/original.png,iNaturalist,CC0,benkeen,True,2025-08-02 12:15:17
4dad82be-a0d0-4f1d-84a6-c34cf11f7719,2b1e5f55-dfeb-48c5-b870-86eaa26291dc,https://inaturalist-open-data.s3.amazonaws.com/photos/485375083/original.jpeg,iNaturalist,CC BY,michaelbakkerpaiva,True,2025-08-02 12:15:17
0e44b77e-6c0b-4b20-90dd-f4a9f3ac00ea,2b1e5f55-dfeb-48c5-b870-86eaa26291dc,https://inaturalist-open-data.s3.amazonaws.com/photos/484271424/original.jpg,iNaturalist,CC BY,donatas27464,True,2025-08-02 12:15:17
a90fce29-8a55-436d-8adf-b53517cd429e,2b1e5f55-dfeb-48c5-b870-86eaa26291dc,https://inaturalist-open-data.s3.amazonaws.com/photos/483180964/original.jpg,iNaturalist,CC BY,toad64,True,2025-08-02 12:15:17
edb55cc1-b5ec-4d14-8e51-b9eb9b97bcff,2b1e5f55-dfeb-48c5-b870-86eaa26291dc,https://inaturalist-open-data.s3.amazonaws.com/photos/483066583/original.jpeg,iNaturalist,CC0,mattnewnham,True,2025-08-02 12:15:17
8f5d4385-befa-441a-8eb6-977d8dfe3c72,2b1e5f55-dfeb-48c5-b870-86eaa26291dc,https://inaturalist-open-data.s3.amazonaws.com/photos/478046206/original.jpg,iNaturalist,CC BY,mrbpb,True,2025-08-02 12:15:17
6bfa9ac6-e629-4fab-b51c-5b2d16308b4f,2b1e5f55-dfeb-48c5-b870-86eaa26291dc,https://inaturalist-open-data.s3.amazonaws.com/photos/472507158/original.jpg,iNaturalist,CC BY,jarronevsbaru,True,2025-08-02 12:15:17
32a60ea7-2e12-4ade-ba65-d1443f67b417,2b1e5f55-dfeb-48c5-b870-86eaa26291dc,https://inaturalist-open-data.s3.amazonaws.com/photos/471748435/original.jpg,iNaturalist,CC0,outdoorsyduck21,True,2025-08-02 12:15:17
0840f9f5-97c0-4435-8466-22b8a6a3be5c,2b1e5f55-dfeb-48c5-b870-86eaa26291dc,https://inaturalist-open-data.s3.amazonaws.com/photos/467589936/original.jpeg,iNaturalist,CC0,gabrieldixon,True,2025-08-02 12:15:17
373975c2-d04a-4b39-be29-f4727d6f236e,2b1e5f55-dfeb-48c5-b870-86eaa26291dc,https://inaturalist-open-data.s3.amazonaws.com/photos/466369621/original.jpeg,iNaturalist,CC BY,emilvus,True,2025-08-02 12:15:17
3a68604c-087d-4d77-ac87-7f7ab1cd1c81,2b1e5f55-dfeb-48c5-b870-86eaa26291dc,https://inaturalist-open-data.s3.amazonaws.com/photos/466369493/original.jpeg,iNaturalist,CC BY,emilvus,True,2025-08-02 12:15:17
336c686a-b4c7-43fb-a212-424de8a97c70,2b1e5f55-dfeb-48c5-b870-86eaa26291dc,https://inaturalist-open-data.s3.amazonaws.com/photos/465318139/original.jpeg,iNaturalist,CC BY,wyvern1963,True,2025-08-02 12:15:17
ea55356d-0a31-46ab-9bba-277ebbc5aa8b,2b1e5f55-dfeb-48c5-b870-86eaa26291dc,https://inaturalist-open-data.s3.amazonaws.com/photos/462350363/original.jpeg,iNaturalist,CC BY,psmirnov,True,2025-08-02 12:15:17
0ef4dad2-aadb-4c0a-a8d6-1e9b9a55e08c,2b1e5f55-dfeb-48c5-b870-86eaa26291dc,https://inaturalist-open-data.s3.amazonaws.com/photos/461836645/original.jpg,iNaturalist,CC BY,benibalog,True,2025-08-02 12:15:17
1e0b2426-c7f2-4ba0-835c-df4e936959c2,2b1e5f55-dfeb-48c5-b870-86eaa26291dc,https://inaturalist-open-data.s3.amazonaws.com/photos/461950410/original.jpg,iNaturalist,CC BY,benibalog,True,2025-08-02 12:15:17
4b4bb4f4-3f74-46c4-9912-691d3bf43dc9,3546db9b-5a05-4fd2-9ff1-79601a377cbe,https://inaturalist-open-data.s3.amazonaws.com/photos/546155122/original.jpg,iNaturalist,CC BY,bluecrab,True,2025-08-02 12:15:33
e62081f8-984d-4a52-ab0e-36bdf8c5b4f1,3546db9b-5a05-4fd2-9ff1-79601a377cbe,https://inaturalist-open-data.s3.amazonaws.com/photos/545982467/original.jpg,iNaturalist,CC0,steve_mcwilliam,True,2025-08-02 12:15:33
d434c13a-5b31-4f97-9621-9c1110311cf6,3546db9b-5a05-4fd2-9ff1-79601a377cbe,https://inaturalist-open-data.s3.amazonaws.com/photos/545879365/original.jpg,iNaturalist,CC0,steve_mcwilliam,True,2025-08-02 12:15:33
6f4c3cd4-0a9b-43f2-8834-640848ebb35f,3546db9b-5a05-4fd2-9ff1-79601a377cbe,https://inaturalist-open-data.s3.amazonaws.com/photos/545851878/original.jpg,iNaturalist,CC0,enspring,True,2025-08-02 12:15:33
d58cbd7e-737a-43b5-aa65-3d5e618cc71f,3546db9b-5a05-4fd2-9ff1-79601a377cbe,https://inaturalist-open-data.s3.amazonaws.com/photos/545851748/original.jpg,iNaturalist,CC0,enspring,True,2025-08-02 12:15:33
d40cdbde-4f7c-462d-9a84-7a7fb873201b,3546db9b-5a05-4fd2-9ff1-79601a377cbe,https://inaturalist-open-data.s3.amazonaws.com/photos/545851714/original.jpg,iNaturalist,CC0,enspring,True,2025-08-02 12:15:33
b6209171-46aa-4885-b8a8-f4d65a0cdc0d,3546db9b-5a05-4fd2-9ff1-79601a377cbe,https://inaturalist-open-data.s3.amazonaws.com/photos/545704429/original.jpg,iNaturalist,CC0,bayathread,True,2025-08-02 12:15:33
391162c5-0779-4bde-be2e-dd1b6c7ad045,3546db9b-5a05-4fd2-9ff1-79601a377cbe,https://inaturalist-open-data.s3.amazonaws.com/photos/545683611/original.jpg,iNaturalist,CC BY,johnrosford,True,2025-08-02 12:15:33
1dad70f7-ea04-4953-b8a3-f6d4d9edfe04,3546db9b-5a05-4fd2-9ff1-79601a377cbe,https://inaturalist-open-data.s3.amazonaws.com/photos/545683609/original.jpg,iNaturalist,CC BY,johnrosford,True,2025-08-02 12:15:33
e310b5c0-1ba5-4946-bd54-c1d04e26c3ec,3546db9b-5a05-4fd2-9ff1-79601a377cbe,https://inaturalist-open-data.s3.amazonaws.com/photos/545631621/original.jpg,iNaturalist,CC BY,webohms,True,2025-08-02 12:15:33
107bf7de-170f-45a9-89ef-96dc94e42117,3546db9b-5a05-4fd2-9ff1-79601a377cbe,https://inaturalist-open-data.s3.amazonaws.com/photos/545513950/original.jpg,iNaturalist,CC0,weebeastie75,True,2025-08-02 12:15:33
0df7168c-ecb5-49a5-ad1d-1b65497ba458,3546db9b-5a05-4fd2-9ff1-79601a377cbe,https://inaturalist-open-data.s3.amazonaws.com/photos/545433665/original.jpg,iNaturalist,CC BY,mfeaver,True,2025-08-02 12:15:33
e72f81b1-31af-474b-ac86-dcdc9ff0667f,3546db9b-5a05-4fd2-9ff1-79601a377cbe,https://inaturalist-open-data.s3.amazonaws.com/photos/545393483/original.jpg,iNaturalist,CC BY SA,ruth-palsson,True,2025-08-02 12:15:33
06deb799-5a67-4e50-a4b6-5b1a212d3c9d,3546db9b-5a05-4fd2-9ff1-79601a377cbe,https://inaturalist-open-data.s3.amazonaws.com/photos/545387935/original.jpg,iNaturalist,CC BY,mfeaver,True,2025-08-02 12:15:33
1a1cfa27-ebf3-43f4-8396-776a4014f6b5,3546db9b-5a05-4fd2-9ff1-79601a377cbe,https://inaturalist-open-data.s3.amazonaws.com/photos/545140466/original.jpg,iNaturalist,CC BY,codonoghue,True,2025-08-02 12:15:33
922386fc-0574-477d-a7ee-3fc682acb4ba,3546db9b-5a05-4fd2-9ff1-79601a377cbe,https://inaturalist-open-data.s3.amazonaws.com/photos/545090631/original.jpg,iNaturalist,CC0,cjoynson,True,2025-08-02 12:15:33
9ad6b761-1725-4913-8542-36cf2d2098f9,3546db9b-5a05-4fd2-9ff1-79601a377cbe,https://inaturalist-open-data.s3.amazonaws.com/photos/545090667/original.jpg,iNaturalist,CC0,cjoynson,True,2025-08-02 12:15:33
49959a7d-76fd-45d0-a1c3-4ef4efab51f9,3546db9b-5a05-4fd2-9ff1-79601a377cbe,https://inaturalist-open-data.s3.amazonaws.com/photos/545090699/original.jpg,iNaturalist,CC0,cjoynson,True,2025-08-02 12:15:33
25520cff-a5af-42a3-8cdb-19bb66f593e8,3546db9b-5a05-4fd2-9ff1-79601a377cbe,https://inaturalist-open-data.s3.amazonaws.com/photos/544981304/original.jpg,iNaturalist,CC BY,dbmcc09,True,2025-08-02 12:15:33
28893142-b5dd-4f84-8106-4e72774c1219,50eee6bc-7332-4356-bcd5-bb18498e3699,https://inaturalist-open-data.s3.amazonaws.com/photos/532010862/original.jpg,iNaturalist,CC BY,marcelllo,True,2025-08-02 12:15:47
41e3312a-d7a0-451a-b80c-11f5368fcb6c,50eee6bc-7332-4356-bcd5-bb18498e3699,https://inaturalist-open-data.s3.amazonaws.com/photos/532010787/original.jpg,iNaturalist,CC BY,marcelllo,True,2025-08-02 12:15:47
7e352ddd-e7ca-478a-ad07-c77f56e6d023,50eee6bc-7332-4356-bcd5-bb18498e3699,https://inaturalist-open-data.s3.amazonaws.com/photos/530516702/original.jpg,iNaturalist,CC BY,kodiakgarden,True,2025-08-02 12:15:47
97568c36-bc56-4417-aa95-4261da94dc30,50eee6bc-7332-4356-bcd5-bb18498e3699,https://inaturalist-open-data.s3.amazonaws.com/photos/530517339/original.jpg,iNaturalist,CC BY,kodiakgarden,True,2025-08-02 12:15:47
c8f3c4c5-5141-4c43-8c2e-2d82077b6a5e,50eee6bc-7332-4356-bcd5-bb18498e3699,https://inaturalist-open-data.s3.amazonaws.com/photos/513134323/original.jpg,iNaturalist,CC0,jubileej,True,2025-08-02 12:15:47
07451de7-2d17-49f7-a9bd-3598f633da20,50eee6bc-7332-4356-bcd5-bb18498e3699,https://inaturalist-open-data.s3.amazonaws.com/photos/506447808/original.jpg,iNaturalist,CC BY,nhow,True,2025-08-02 12:15:47
4cf0a697-3aae-4099-b986-63836841603f,50eee6bc-7332-4356-bcd5-bb18498e3699,https://inaturalist-open-data.s3.amazonaws.com/photos/506447873/original.jpg,iNaturalist,CC BY,nhow,True,2025-08-02 12:15:47
2b5a77ff-4529-4ffa-9fb9-d6ed95a482e3,50eee6bc-7332-4356-bcd5-bb18498e3699,https://inaturalist-open-data.s3.amazonaws.com/photos/506447864/original.jpg,iNaturalist,CC BY,nhow,True,2025-08-02 12:15:47
d1de5984-46b6-4936-b494-7b1a657180bb,50eee6bc-7332-4356-bcd5-bb18498e3699,https://inaturalist-open-data.s3.amazonaws.com/photos/506447836/original.jpg,iNaturalist,CC BY,nhow,True,2025-08-02 12:15:47
9fc1e382-fe55-4740-ae8a-b74e656f9300,50eee6bc-7332-4356-bcd5-bb18498e3699,https://inaturalist-open-data.s3.amazonaws.com/photos/502174727/original.jpeg,iNaturalist,CC BY,joecoolbrew,True,2025-08-02 12:15:47
39841663-a5ca-47b0-80d9-1eb3e56b8826,50eee6bc-7332-4356-bcd5-bb18498e3699,https://inaturalist-open-data.s3.amazonaws.com/photos/500307481/original.jpeg,iNaturalist,CC0,quillipede,True,2025-08-02 12:15:47
fe8e4fa8-d58f-4751-a5aa-52908c5c3e77,50eee6bc-7332-4356-bcd5-bb18498e3699,https://inaturalist-open-data.s3.amazonaws.com/photos/497075007/original.jpeg,iNaturalist,CC BY,muir,True,2025-08-02 12:15:47
6854141f-9768-4335-b4ac-d6b83ad7f5b2,50eee6bc-7332-4356-bcd5-bb18498e3699,https://inaturalist-open-data.s3.amazonaws.com/photos/497075074/original.jpeg,iNaturalist,CC BY,muir,True,2025-08-02 12:15:47
8b08ed49-218f-407c-a252-f036838ab7bb,50eee6bc-7332-4356-bcd5-bb18498e3699,https://inaturalist-open-data.s3.amazonaws.com/photos/496199797/original.jpg,iNaturalist,CC BY,phylogenomics,True,2025-08-02 12:15:47
881f5640-35f9-410e-847b-493b0aff06bd,50eee6bc-7332-4356-bcd5-bb18498e3699,https://inaturalist-open-data.s3.amazonaws.com/photos/493331097/original.jpeg,iNaturalist,CC0,enspring,True,2025-08-02 12:15:47
d13c3b91-18a6-4ea5-9792-b3ca557e9879,50eee6bc-7332-4356-bcd5-bb18498e3699,https://inaturalist-open-data.s3.amazonaws.com/photos/492963322/original.jpeg,iNaturalist,CC0,carterdorscht,True,2025-08-02 12:15:47
24dc74ae-59d8-4687-a4b8-b1c2d3764615,50eee6bc-7332-4356-bcd5-bb18498e3699,https://inaturalist-open-data.s3.amazonaws.com/photos/490738868/original.jpeg,iNaturalist,CC0,carterdorscht,True,2025-08-02 12:15:47
b6fa4fc0-d50d-4504-8385-27b77fdaca53,50eee6bc-7332-4356-bcd5-bb18498e3699,https://inaturalist-open-data.s3.amazonaws.com/photos/490739103/original.jpeg,iNaturalist,CC0,carterdorscht,True,2025-08-02 12:15:47
4541edc7-4b23-4cd7-8346-96857debe965,50eee6bc-7332-4356-bcd5-bb18498e3699,https://inaturalist-open-data.s3.amazonaws.com/photos/490739360/original.jpeg,iNaturalist,CC0,carterdorscht,True,2025-08-02 12:15:47
0816564d-e4e9-4ce2-b61c-43527d057d9e,50eee6bc-7332-4356-bcd5-bb18498e3699,https://inaturalist-open-data.s3.amazonaws.com/photos/490749832/original.jpeg,iNaturalist,CC0,carterdorscht,True,2025-08-02 12:15:47
1d240f00-d0c9-4257-91d5-426de49ac4fc,50eee6bc-7332-4356-bcd5-bb18498e3699,https://inaturalist-open-data.s3.amazonaws.com/photos/490750779/original.jpeg,iNaturalist,CC0,carterdorscht,True,2025-08-02 12:15:47
754ac036-f2a9-437f-9ac9-2f64fbbf8b81,50eee6bc-7332-4356-bcd5-bb18498e3699,https://inaturalist-open-data.s3.amazonaws.com/photos/490750911/original.jpeg,iNaturalist,CC0,carterdorscht,True,2025-08-02 12:15:47
27ade7d6-ce07-45a5-8f41-f2b42fa1c1c4,50eee6bc-7332-4356-bcd5-bb18498e3699,https://inaturalist-open-data.s3.amazonaws.com/photos/490751093/original.jpeg,iNaturalist,CC0,carterdorscht,True,2025-08-02 12:15:47
3eaf45df-c30d-4c73-aec9-d204390bdd1a,50eee6bc-7332-4356-bcd5-bb18498e3699,https://inaturalist-open-data.s3.amazonaws.com/photos/490751225/original.jpeg,iNaturalist,CC0,carterdorscht,True,2025-08-02 12:15:47
66555cbc-ab4c-4aeb-8040-67bbdd176f24,50eee6bc-7332-4356-bcd5-bb18498e3699,https://inaturalist-open-data.s3.amazonaws.com/photos/490751357/original.jpeg,iNaturalist,CC0,carterdorscht,True,2025-08-02 12:15:47
85f7d6fa-f05d-4694-a2e4-e6112bda0b40,50eee6bc-7332-4356-bcd5-bb18498e3699,https://inaturalist-open-data.s3.amazonaws.com/photos/490751453/original.jpeg,iNaturalist,CC0,carterdorscht,True,2025-08-02 12:15:47
8c31fb87-d752-418c-a37a-09e6189ff758,50eee6bc-7332-4356-bcd5-bb18498e3699,https://inaturalist-open-data.s3.amazonaws.com/photos/490751536/original.jpeg,iNaturalist,CC0,carterdorscht,True,2025-08-02 12:15:47
3287dd96-cfd7-4c23-98fd-23a95ec2e877,50eee6bc-7332-4356-bcd5-bb18498e3699,https://inaturalist-open-data.s3.amazonaws.com/photos/490751636/original.jpeg,iNaturalist,CC0,carterdorscht,True,2025-08-02 12:15:47
12897333-c3c0-4494-a111-0c8b61153fcc,50eee6bc-7332-4356-bcd5-bb18498e3699,https://inaturalist-open-data.s3.amazonaws.com/photos/490751746/original.jpeg,iNaturalist,CC0,carterdorscht,True,2025-08-02 12:15:47
bf99e5ca-4107-4143-aa7f-820ad5d69864,50eee6bc-7332-4356-bcd5-bb18498e3699,https://inaturalist-open-data.s3.amazonaws.com/photos/490471943/original.jpg,iNaturalist,CC BY SA,yuan1,True,2025-08-02 12:15:47
2ba19ccb-5fac-4e57-8c40-141085feb946,50eee6bc-7332-4356-bcd5-bb18498e3699,https://inaturalist-open-data.s3.amazonaws.com/photos/489708487/original.jpeg,iNaturalist,CC BY,dan_macneal,True,2025-08-02 12:15:47
caed87f2-196c-48f3-9775-b9dcf483c89f,50eee6bc-7332-4356-bcd5-bb18498e3699,https://inaturalist-open-data.s3.amazonaws.com/photos/489069173/original.jpg,iNaturalist,CC BY,jamiegriffiths,True,2025-08-02 12:15:47
e388bde1-dbd2-4e2d-b096-6a21ef80af29,50eee6bc-7332-4356-bcd5-bb18498e3699,https://inaturalist-open-data.s3.amazonaws.com/photos/489069215/original.jpg,iNaturalist,CC BY,jamiegriffiths,True,2025-08-02 12:15:47
1b6bc921-5400-4f6b-8069-c81cdcf951f5,50eee6bc-7332-4356-bcd5-bb18498e3699,https://inaturalist-open-data.s3.amazonaws.com/photos/489069239/original.jpg,iNaturalist,CC BY,jamiegriffiths,True,2025-08-02 12:15:47
67425efa-d527-4b59-8931-08997d20a1f8,e1c9f8ca-5a6d-482d-8fa8-a5823d8d64bb,https://inaturalist-open-data.s3.amazonaws.com/photos/541863118/original.jpg,iNaturalist,CC BY,silkseeker,True,2025-08-02 12:16:02
11b5c172-6379-494f-965a-8a89d7c44bcf,e1c9f8ca-5a6d-482d-8fa8-a5823d8d64bb,https://inaturalist-open-data.s3.amazonaws.com/photos/538124363/original.jpg,iNaturalist,CC BY,diet_mar,True,2025-08-02 12:16:02
435c9f2c-8daa-491c-bc1b-db24982bfbc3,e1c9f8ca-5a6d-482d-8fa8-a5823d8d64bb,https://inaturalist-open-data.s3.amazonaws.com/photos/535077350/original.jpg,iNaturalist,CC BY,karimhaddad,True,2025-08-02 12:16:02
41990709-a811-4980-afb3-ecbd32ad7742,e1c9f8ca-5a6d-482d-8fa8-a5823d8d64bb,https://inaturalist-open-data.s3.amazonaws.com/photos/531183910/original.jpg,iNaturalist,CC BY SA,gannu03,True,2025-08-02 12:16:02
27fc8a16-f60e-4611-8768-08b20ba24050,e1c9f8ca-5a6d-482d-8fa8-a5823d8d64bb,https://inaturalist-open-data.s3.amazonaws.com/photos/531183808/original.jpg,iNaturalist,CC BY SA,gannu03,True,2025-08-02 12:16:02
ab8f7f64-45fb-4a62-b234-91dbc1500b9b,e1c9f8ca-5a6d-482d-8fa8-a5823d8d64bb,https://inaturalist-open-data.s3.amazonaws.com/photos/531183674/original.jpg,iNaturalist,CC BY SA,gannu03,True,2025-08-02 12:16:02
bd14f4bc-c4ec-4fea-8483-ca0022da7096,e1c9f8ca-5a6d-482d-8fa8-a5823d8d64bb,https://inaturalist-open-data.s3.amazonaws.com/photos/530913771/original.jpg,iNaturalist,CC BY,lisemari,True,2025-08-02 12:16:02
28b72c39-d29b-446c-8ffd-9c17f8e27693,e1c9f8ca-5a6d-482d-8fa8-a5823d8d64bb,https://inaturalist-open-data.s3.amazonaws.com/photos/530913841/original.jpg,iNaturalist,CC BY,lisemari,True,2025-08-02 12:16:02
9423dec6-358a-4d4a-9590-bd9e3fd46b68,e1c9f8ca-5a6d-482d-8fa8-a5823d8d64bb,https://inaturalist-open-data.s3.amazonaws.com/photos/530913897/original.jpg,iNaturalist,CC BY,lisemari,True,2025-08-02 12:16:02
30972bba-c62e-443c-8662-90d4064e3498,e1c9f8ca-5a6d-482d-8fa8-a5823d8d64bb,https://inaturalist-open-data.s3.amazonaws.com/photos/530913953/original.jpg,iNaturalist,CC BY,lisemari,True,2025-08-02 12:16:02
4e560ccb-192a-42b2-9287-77d20f485dc7,e1c9f8ca-5a6d-482d-8fa8-a5823d8d64bb,https://inaturalist-open-data.s3.amazonaws.com/photos/530260623/original.jpg,iNaturalist,CC BY SA,gannu03,True,2025-08-02 12:16:02
25da6d78-e36e-48f9-b357-7a528a3dd2ec,e1c9f8ca-5a6d-482d-8fa8-a5823d8d64bb,https://inaturalist-open-data.s3.amazonaws.com/photos/530258163/original.jpg,iNaturalist,CC BY SA,gannu03,True,2025-08-02 12:16:02
82f5faaa-6d00-452d-b254-e4c53825c3e8,e1c9f8ca-5a6d-482d-8fa8-a5823d8d64bb,https://inaturalist-open-data.s3.amazonaws.com/photos/530258159/original.jpg,iNaturalist,CC BY SA,gannu03,True,2025-08-02 12:16:02
be698e37-1a71-4bf9-9186-3cba4201f3f2,e1c9f8ca-5a6d-482d-8fa8-a5823d8d64bb,https://inaturalist-open-data.s3.amazonaws.com/photos/530257940/original.jpg,iNaturalist,CC BY SA,gannu03,True,2025-08-02 12:16:02
8c8a82d3-2562-48d6-a905-73f8e465815d,e1c9f8ca-5a6d-482d-8fa8-a5823d8d64bb,https://inaturalist-open-data.s3.amazonaws.com/photos/530257947/original.jpg,iNaturalist,CC BY SA,gannu03,True,2025-08-02 12:16:02
277a047d-b132-4884-ae64-b73985eb489b,e1c9f8ca-5a6d-482d-8fa8-a5823d8d64bb,https://inaturalist-open-data.s3.amazonaws.com/photos/530257953/original.jpg,iNaturalist,CC BY SA,gannu03,True,2025-08-02 12:16:02
87003956-e06b-42c6-9010-70dec27bd5c6,e1c9f8ca-5a6d-482d-8fa8-a5823d8d64bb,https://inaturalist-open-data.s3.amazonaws.com/photos/530257995/original.jpg,iNaturalist,CC BY SA,gannu03,True,2025-08-02 12:16:02
bbcc3bbb-d48c-404e-a608-0b445e8eebff,e1c9f8ca-5a6d-482d-8fa8-a5823d8d64bb,https://inaturalist-open-data.s3.amazonaws.com/photos/530253899/original.jpg,iNaturalist,CC BY SA,gannu03,True,2025-08-02 12:16:02
ed8ceb52-9319-4630-aa8e-9166aac09c40,e1c9f8ca-5a6d-482d-8fa8-a5823d8d64bb,https://inaturalist-open-data.s3.amazonaws.com/photos/530253938/original.jpg,iNaturalist,CC BY SA,gannu03,True,2025-08-02 12:16:02
5a17ab94-41d4-4fe7-94fa-c7d42e2a73fa,e1c9f8ca-5a6d-482d-8fa8-a5823d8d64bb,https://inaturalist-open-data.s3.amazonaws.com/photos/530253902/original.jpg,iNaturalist,CC BY SA,gannu03,True,2025-08-02 12:16:02
c50b4e68-3b1d-41df-9f4c-4d8e3af5678c,e1c9f8ca-5a6d-482d-8fa8-a5823d8d64bb,https://inaturalist-open-data.s3.amazonaws.com/photos/529757355/original.jpg,iNaturalist,CC BY,nolandmartin,True,2025-08-02 12:16:02
599da017-5843-474e-a209-b788519cd245,e1c9f8ca-5a6d-482d-8fa8-a5823d8d64bb,https://inaturalist-open-data.s3.amazonaws.com/photos/529213470/original.jpg,iNaturalist,CC0,stevestevens,True,2025-08-02 12:16:02
0cb64247-7cb8-4f56-bdc1-cbe7778114f0,e1c9f8ca-5a6d-482d-8fa8-a5823d8d64bb,https://inaturalist-open-data.s3.amazonaws.com/photos/529178766/original.jpg,iNaturalist,CC BY SA,gannu03,True,2025-08-02 12:16:02
1f6bed28-8a4a-4137-a9b3-c2ec27c8edb9,e1c9f8ca-5a6d-482d-8fa8-a5823d8d64bb,https://inaturalist-open-data.s3.amazonaws.com/photos/528643470/original.jpg,iNaturalist,CC0,stevestevens,True,2025-08-02 12:16:02
197f4ed0-40f3-4ae9-854e-3e7aab679264,e1c9f8ca-5a6d-482d-8fa8-a5823d8d64bb,https://inaturalist-open-data.s3.amazonaws.com/photos/528012214/original.jpg,iNaturalist,CC BY,gerd5,True,2025-08-02 12:16:02
512e0f02-3fda-4ecd-83aa-8b9f2781d9ff,e1c9f8ca-5a6d-482d-8fa8-a5823d8d64bb,https://inaturalist-open-data.s3.amazonaws.com/photos/526964248/original.jpg,iNaturalist,CC BY,diet_mar,True,2025-08-02 12:16:02
dc7219b5-7b29-459f-bcc5-98977b691f64,e1c9f8ca-5a6d-482d-8fa8-a5823d8d64bb,https://inaturalist-open-data.s3.amazonaws.com/photos/526964256/original.jpg,iNaturalist,CC BY,diet_mar,True,2025-08-02 12:16:02
4d613c92-980e-4e88-aaa5-7dd03ce87db1,e1c9f8ca-5a6d-482d-8fa8-a5823d8d64bb,https://inaturalist-open-data.s3.amazonaws.com/photos/526172941/original.jpg,iNaturalist,CC BY SA,gannu03,True,2025-08-02 12:16:02
723d23f4-0e7c-45ba-844b-fcaefb8aa585,e1c9f8ca-5a6d-482d-8fa8-a5823d8d64bb,https://inaturalist-open-data.s3.amazonaws.com/photos/525982693/original.jpg,iNaturalist,CC BY,tandinwangdi,True,2025-08-02 12:16:02
60357258-d58b-4e1a-8921-13cd53e9463a,e1c9f8ca-5a6d-482d-8fa8-a5823d8d64bb,https://inaturalist-open-data.s3.amazonaws.com/photos/525982716/original.jpg,iNaturalist,CC BY,tandinwangdi,True,2025-08-02 12:16:02
ed9f8ab2-3fd9-420a-92d6-5296be952e45,e1c9f8ca-5a6d-482d-8fa8-a5823d8d64bb,https://inaturalist-open-data.s3.amazonaws.com/photos/525476227/original.jpg,iNaturalist,CC BY,lesleymarr,True,2025-08-02 12:16:02
92f36da2-d018-4469-a310-f3dc231d2f93,e1c9f8ca-5a6d-482d-8fa8-a5823d8d64bb,https://inaturalist-open-data.s3.amazonaws.com/photos/525476234/original.jpg,iNaturalist,CC BY,lesleymarr,True,2025-08-02 12:16:02
d017a9b0-6f9d-4720-9009-a3f49cd310d1,e1c9f8ca-5a6d-482d-8fa8-a5823d8d64bb,https://inaturalist-open-data.s3.amazonaws.com/photos/525476235/original.jpg,iNaturalist,CC BY,lesleymarr,True,2025-08-02 12:16:02
99c82fe7-6e73-49c0-a6a5-10f60f945271,e1c9f8ca-5a6d-482d-8fa8-a5823d8d64bb,https://inaturalist-open-data.s3.amazonaws.com/photos/519480731/original.jpg,iNaturalist,CC BY SA,chrisall,True,2025-08-02 12:16:02
c3976d34-dbd5-46a4-871a-75be03d5c559,e1c9f8ca-5a6d-482d-8fa8-a5823d8d64bb,https://inaturalist-open-data.s3.amazonaws.com/photos/519489809/original.jpg,iNaturalist,CC BY SA,chrisall,True,2025-08-02 12:16:02
47c0b2c9-ef28-4185-a7d3-561a0f66c90e,e1c9f8ca-5a6d-482d-8fa8-a5823d8d64bb,https://inaturalist-open-data.s3.amazonaws.com/photos/519489845/original.jpg,iNaturalist,CC BY SA,chrisall,True,2025-08-02 12:16:02
3a98e46b-c98a-4a5d-a473-cff6d8017230,e1c9f8ca-5a6d-482d-8fa8-a5823d8d64bb,https://inaturalist-open-data.s3.amazonaws.com/photos/519489884/original.jpg,iNaturalist,CC BY SA,chrisall,True,2025-08-02 12:16:02
d41c70ec-bb55-4f58-8d29-9bd373cd3d20,e1c9f8ca-5a6d-482d-8fa8-a5823d8d64bb,https://inaturalist-open-data.s3.amazonaws.com/photos/519489931/original.jpg,iNaturalist,CC BY SA,chrisall,True,2025-08-02 12:16:02
1d18a036-b8b2-4d81-8814-43755ebc6905,e1c9f8ca-5a6d-482d-8fa8-a5823d8d64bb,https://inaturalist-open-data.s3.amazonaws.com/photos/519489975/original.jpg,iNaturalist,CC BY SA,chrisall,True,2025-08-02 12:16:02
610c7d02-fb88-4a8b-b545-42dcfa3cc0e9,e1c9f8ca-5a6d-482d-8fa8-a5823d8d64bb,https://inaturalist-open-data.s3.amazonaws.com/photos/518999699/original.jpg,iNaturalist,CC0,charliefarrell2,True,2025-08-02 12:16:02
050a3d37-302f-49da-8caa-a0ceab021a5c,eb6e5841-2eda-4111-af97-7fbb44263062,https://inaturalist-open-data.s3.amazonaws.com/photos/523982211/original.jpg,iNaturalist,CC BY,nevwright,True,2025-08-02 12:16:16
f39817a3-b4d1-4121-9ec5-6b9e5c054307,eb6e5841-2eda-4111-af97-7fbb44263062,https://inaturalist-open-data.s3.amazonaws.com/photos/523982278/original.jpg,iNaturalist,CC BY,nevwright,True,2025-08-02 12:16:16
a15ac8e9-e400-4dad-8ccc-3505cf775963,eb6e5841-2eda-4111-af97-7fbb44263062,https://inaturalist-open-data.s3.amazonaws.com/photos/472507306/original.jpeg,iNaturalist,CC BY,jarronevsbaru,True,2025-08-02 12:16:16
8500e282-3ed7-4021-8795-d398aa53a7bb,eb6e5841-2eda-4111-af97-7fbb44263062,https://inaturalist-open-data.s3.amazonaws.com/photos/470581151/original.jpg,iNaturalist,CC BY,nbasargin,True,2025-08-02 12:16:16
cdbcfa60-9763-40fe-b801-2e98bfb7bbe8,eb6e5841-2eda-4111-af97-7fbb44263062,https://inaturalist-open-data.s3.amazonaws.com/photos/470581143/original.jpg,iNaturalist,CC BY,nbasargin,True,2025-08-02 12:16:16
7b24c406-748f-410a-8b91-eec4e72ebe32,eb6e5841-2eda-4111-af97-7fbb44263062,https://inaturalist-open-data.s3.amazonaws.com/photos/470581136/original.jpg,iNaturalist,CC BY,nbasargin,True,2025-08-02 12:16:16
15ed278b-d0dd-474d-8279-0fe3260b1b56,eb6e5841-2eda-4111-af97-7fbb44263062,https://inaturalist-open-data.s3.amazonaws.com/photos/470581150/original.jpg,iNaturalist,CC BY,nbasargin,True,2025-08-02 12:16:16
ce058038-a073-4a59-8fd4-2bb1b6a3110c,eb6e5841-2eda-4111-af97-7fbb44263062,https://inaturalist-open-data.s3.amazonaws.com/photos/470581140/original.jpg,iNaturalist,CC BY,nbasargin,True,2025-08-02 12:16:16
38f57746-d51b-4a92-8378-0c76e798232b,eb6e5841-2eda-4111-af97-7fbb44263062,https://inaturalist-open-data.s3.amazonaws.com/photos/463684274/original.jpeg,iNaturalist,CC0,jannyrocks,True,2025-08-02 12:16:16
167755f9-69d2-4549-a528-8cc3cd751f10,eb6e5841-2eda-4111-af97-7fbb44263062,https://inaturalist-open-data.s3.amazonaws.com/photos/462117072/original.jpeg,iNaturalist,CC BY,tammy_winter,True,2025-08-02 12:16:16
96eb97fe-e004-4bdd-888e-6db11591455d,eb6e5841-2eda-4111-af97-7fbb44263062,https://inaturalist-open-data.s3.amazonaws.com/photos/462117082/original.jpeg,iNaturalist,CC BY,tammy_winter,True,2025-08-02 12:16:16
53f525be-c3b0-4240-abd0-ef99b93df954,eb6e5841-2eda-4111-af97-7fbb44263062,https://inaturalist-open-data.s3.amazonaws.com/photos/459061255/original.jpg,iNaturalist,CC BY,kodiakgarden,True,2025-08-02 12:16:16
ebd3d60c-5b5b-4985-b50d-2b993a892ae4,eb6e5841-2eda-4111-af97-7fbb44263062,https://inaturalist-open-data.s3.amazonaws.com/photos/440130604/original.jpeg,iNaturalist,CC BY,wyvern1963,True,2025-08-02 12:16:16
881da216-c62a-4a75-93b0-e0e604204b70,eb6e5841-2eda-4111-af97-7fbb44263062,https://inaturalist-open-data.s3.amazonaws.com/photos/432606833/original.jpeg,iNaturalist,CC BY,wyvern1963,True,2025-08-02 12:16:16
8b3f75de-f9ee-426d-a267-985e31b3f3e9,eb6e5841-2eda-4111-af97-7fbb44263062,https://inaturalist-open-data.s3.amazonaws.com/photos/425987962/original.jpg,iNaturalist,CC BY,nbasargin,True,2025-08-02 12:16:16
059158e6-08da-454a-b884-14d1e79ba172,eb6e5841-2eda-4111-af97-7fbb44263062,https://inaturalist-open-data.s3.amazonaws.com/photos/425987955/original.jpg,iNaturalist,CC BY,nbasargin,True,2025-08-02 12:16:16
9f1e8d83-d1b3-433c-a9de-8ed3789b6ae5,eb6e5841-2eda-4111-af97-7fbb44263062,https://inaturalist-open-data.s3.amazonaws.com/photos/425987934/original.jpg,iNaturalist,CC BY,nbasargin,True,2025-08-02 12:16:16
a18b7dc7-d425-4fe4-bd77-f0f5c26d6231,eb6e5841-2eda-4111-af97-7fbb44263062,https://inaturalist-open-data.s3.amazonaws.com/photos/425987939/original.jpg,iNaturalist,CC BY,nbasargin,True,2025-08-02 12:16:16
ee4ca34b-e55a-4e6f-9e0b-81fdf3c0f003,eb6e5841-2eda-4111-af97-7fbb44263062,https://inaturalist-open-data.s3.amazonaws.com/photos/425987944/original.jpg,iNaturalist,CC BY,nbasargin,True,2025-08-02 12:16:16
f4e13979-79f0-4a67-a1f2-36830c41f09d,eb6e5841-2eda-4111-af97-7fbb44263062,https://inaturalist-open-data.s3.amazonaws.com/photos/423833089/original.jpeg,iNaturalist,CC0,bitsandbugs,True,2025-08-02 12:16:16
9ebd5389-f5c7-4538-838b-01a98c96ee1c,eb6e5841-2eda-4111-af97-7fbb44263062,https://inaturalist-open-data.s3.amazonaws.com/photos/411342376/original.jpeg,iNaturalist,CC BY,wyvern1963,True,2025-08-02 12:16:16
8d8299ca-49ba-44f0-89a9-58814d834649,eb6e5841-2eda-4111-af97-7fbb44263062,https://inaturalist-open-data.s3.amazonaws.com/photos/372238560/original.jpg,iNaturalist,CC0,reosarevok,True,2025-08-02 12:16:16
8fb291e5-f0f8-4228-ae1a-fd98564fd429,eb6e5841-2eda-4111-af97-7fbb44263062,https://inaturalist-open-data.s3.amazonaws.com/photos/367308842/original.jpeg,iNaturalist,CC BY,wyvern1963,True,2025-08-02 12:16:16
debe1974-5d51-403a-886b-6df301cac5b9,eb6e5841-2eda-4111-af97-7fbb44263062,https://inaturalist-open-data.s3.amazonaws.com/photos/350315264/original.jpeg,iNaturalist,CC BY,wyvern1963,True,2025-08-02 12:16:16
0a533765-510d-4f6c-989e-e65789d710e2,eb6e5841-2eda-4111-af97-7fbb44263062,https://inaturalist-open-data.s3.amazonaws.com/photos/332192076/original.jpeg,iNaturalist,CC BY,susan_marley,True,2025-08-02 12:16:16
963b1384-a3d1-4396-aa54-2b74afde1b4c,eb6e5841-2eda-4111-af97-7fbb44263062,https://inaturalist-open-data.s3.amazonaws.com/photos/330822454/original.jpeg,iNaturalist,CC BY,wyvern1963,True,2025-08-02 12:16:16
b802170a-aeb2-487d-befc-7680b36161e8,eb6e5841-2eda-4111-af97-7fbb44263062,https://inaturalist-open-data.s3.amazonaws.com/photos/327388689/original.jpeg,iNaturalist,CC BY,wyvern1963,True,2025-08-02 12:16:16
e8955825-af0d-48d4-96b7-ad3e21b16e70,eb6e5841-2eda-4111-af97-7fbb44263062,https://inaturalist-open-data.s3.amazonaws.com/photos/278219303/original.jpeg,iNaturalist,CC BY,wyvern1963,True,2025-08-02 12:16:16
73c20df7-3235-4d22-b6a2-1af828afc776,eb6e5841-2eda-4111-af97-7fbb44263062,https://inaturalist-open-data.s3.amazonaws.com/photos/258214520/original.jpeg,iNaturalist,CC0,igor322,True,2025-08-02 12:16:16
4c2030fa-58da-4a50-894c-3a702d716b4b,eb6e5841-2eda-4111-af97-7fbb44263062,https://inaturalist-open-data.s3.amazonaws.com/photos/258212283/original.jpeg,iNaturalist,CC0,igor322,True,2025-08-02 12:16:16
e0d09ac2-ab50-4b04-b2dc-e9f5f0298eaf,67c64ac7-34a8-4bf6-b73c-43c20e8b602e,https://inaturalist-open-data.s3.amazonaws.com/photos/542534666/original.jpg,iNaturalist,CC0,jenmjess,True,2025-08-02 12:16:30
732463f8-0cae-4931-85c3-6ead464ffff9,67c64ac7-34a8-4bf6-b73c-43c20e8b602e,https://inaturalist-open-data.s3.amazonaws.com/photos/542534667/original.jpg,iNaturalist,CC0,jenmjess,True,2025-08-02 12:16:30
98cf3012-2011-4184-918d-dae2cde7f71c,67c64ac7-34a8-4bf6-b73c-43c20e8b602e,https://inaturalist-open-data.s3.amazonaws.com/photos/542481344/original.jpg,iNaturalist,CC BY,aaronliston,True,2025-08-02 12:16:30
1e8c5d84-c831-4882-85f0-5fe8d2c27555,67c64ac7-34a8-4bf6-b73c-43c20e8b602e,https://inaturalist-open-data.s3.amazonaws.com/photos/535697424/original.jpg,iNaturalist,CC BY,marilynebdubois,True,2025-08-02 12:16:30
7e6b5b3e-c0c4-4d5b-b427-89ec3eee87eb,67c64ac7-34a8-4bf6-b73c-43c20e8b602e,https://inaturalist-open-data.s3.amazonaws.com/photos/535697463/original.jpg,iNaturalist,CC BY,marilynebdubois,True,2025-08-02 12:16:30
f43be488-4501-4302-9bb5-fdea68788a89,67c64ac7-34a8-4bf6-b73c-43c20e8b602e,https://inaturalist-open-data.s3.amazonaws.com/photos/535156208/original.jpg,iNaturalist,CC BY,therapsid74,True,2025-08-02 12:16:30
394fb7cc-5058-4469-b752-c06cb67343c4,67c64ac7-34a8-4bf6-b73c-43c20e8b602e,https://inaturalist-open-data.s3.amazonaws.com/photos/535156242/original.jpg,iNaturalist,CC BY,therapsid74,True,2025-08-02 12:16:30
f6161e0b-99e7-41c2-a930-8aaa6acb0c5a,67c64ac7-34a8-4bf6-b73c-43c20e8b602e,https://inaturalist-open-data.s3.amazonaws.com/photos/533110988/original.jpg,iNaturalist,CC BY,ingvildriska,True,2025-08-02 12:16:30
d6911ec7-5abc-443d-a159-d02678855d99,67c64ac7-34a8-4bf6-b73c-43c20e8b602e,https://inaturalist-open-data.s3.amazonaws.com/photos/533110989/original.jpg,iNaturalist,CC BY,ingvildriska,True,2025-08-02 12:16:30
a596da85-5490-425e-8fd2-7aee010ef23f,67c64ac7-34a8-4bf6-b73c-43c20e8b602e,https://inaturalist-open-data.s3.amazonaws.com/photos/530537199/original.jpg,iNaturalist,CC BY,kodiakgarden,True,2025-08-02 12:16:30
aa9d7fb0-b9a0-4dff-aef6-90d994eef1c2,67c64ac7-34a8-4bf6-b73c-43c20e8b602e,https://inaturalist-open-data.s3.amazonaws.com/photos/528911211/original.jpg,iNaturalist,CC BY SA,romainpboisseau,True,2025-08-02 12:16:30
f1ee0b27-c332-4106-b90f-64b10873ba9e,67c64ac7-34a8-4bf6-b73c-43c20e8b602e,https://inaturalist-open-data.s3.amazonaws.com/photos/528911291/original.jpg,iNaturalist,CC BY SA,romainpboisseau,True,2025-08-02 12:16:30
3788c02a-4106-4aaf-bd1b-e689874b6b25,67c64ac7-34a8-4bf6-b73c-43c20e8b602e,https://inaturalist-open-data.s3.amazonaws.com/photos/528911252/original.jpg,iNaturalist,CC BY SA,romainpboisseau,True,2025-08-02 12:16:30
adbf69da-c219-4a18-be06-0bab4d5feda6,67c64ac7-34a8-4bf6-b73c-43c20e8b602e,https://inaturalist-open-data.s3.amazonaws.com/photos/528911321/original.jpg,iNaturalist,CC BY SA,romainpboisseau,True,2025-08-02 12:16:30
8429947c-e00b-4dbc-84b1-363772b8a295,67c64ac7-34a8-4bf6-b73c-43c20e8b602e,https://inaturalist-open-data.s3.amazonaws.com/photos/525342379/original.jpg,iNaturalist,CC BY,ayatana_biophilium,True,2025-08-02 12:16:30
e73b5bb8-a452-4da7-b5e8-a98b43025e0d,67c64ac7-34a8-4bf6-b73c-43c20e8b602e,https://inaturalist-open-data.s3.amazonaws.com/photos/525342453/original.jpg,iNaturalist,CC BY,ayatana_biophilium,True,2025-08-02 12:16:30
ee92aabe-c520-4ec4-9eb7-c795bfd10a09,67c64ac7-34a8-4bf6-b73c-43c20e8b602e,https://inaturalist-open-data.s3.amazonaws.com/photos/522480808/original.jpg,iNaturalist,CC BY,tyrannidae,True,2025-08-02 12:16:30
64431b80-d99c-4ff5-8fdc-896beab395f7,67c64ac7-34a8-4bf6-b73c-43c20e8b602e,https://inaturalist-open-data.s3.amazonaws.com/photos/522480828/original.jpg,iNaturalist,CC BY,tyrannidae,True,2025-08-02 12:16:30
66e111d6-e222-4e71-8495-372e05c7ddb4,67c64ac7-34a8-4bf6-b73c-43c20e8b602e,https://inaturalist-open-data.s3.amazonaws.com/photos/522480805/original.jpg,iNaturalist,CC BY,tyrannidae,True,2025-08-02 12:16:30
77783859-ae60-4830-987d-f91eb9386147,67c64ac7-34a8-4bf6-b73c-43c20e8b602e,https://inaturalist-open-data.s3.amazonaws.com/photos/522480804/original.jpg,iNaturalist,CC BY,tyrannidae,True,2025-08-02 12:16:30
72600d28-44d2-4a61-b072-60ce762e9973,67c64ac7-34a8-4bf6-b73c-43c20e8b602e,https://inaturalist-open-data.s3.amazonaws.com/photos/518999699/original.jpg,iNaturalist,CC0,charliefarrell2,True,2025-08-02 12:16:30
d5eaaef6-e479-43e2-883b-5ecdebc2c56f,67c64ac7-34a8-4bf6-b73c-43c20e8b602e,https://inaturalist-open-data.s3.amazonaws.com/photos/516804590/original.jpg,iNaturalist,CC BY,maxmiley,True,2025-08-02 12:16:30
b1df3e9b-3092-471e-b748-630258838d93,67c64ac7-34a8-4bf6-b73c-43c20e8b602e,https://inaturalist-open-data.s3.amazonaws.com/photos/515888031/original.jpg,iNaturalist,CC0,jubileej,True,2025-08-02 12:16:30
fb690b26-17cb-4532-90cb-77c870157719,67c64ac7-34a8-4bf6-b73c-43c20e8b602e,https://inaturalist-open-data.s3.amazonaws.com/photos/515888075/original.jpg,iNaturalist,CC0,jubileej,True,2025-08-02 12:16:30
8a334d50-0e24-4831-81f9-c551edbfb705,67c64ac7-34a8-4bf6-b73c-43c20e8b602e,https://inaturalist-open-data.s3.amazonaws.com/photos/514823579/original.jpg,iNaturalist,CC BY,georectified,True,2025-08-02 12:16:30
17e32011-97d0-4596-a4cd-c8c2a3139907,67c64ac7-34a8-4bf6-b73c-43c20e8b602e,https://inaturalist-open-data.s3.amazonaws.com/photos/514025925/original.jpg,iNaturalist,CC BY,matthewinabinett,True,2025-08-02 12:16:30
0b11c63f-8814-4802-b635-8ffed8cd18ae,67c64ac7-34a8-4bf6-b73c-43c20e8b602e,https://inaturalist-open-data.s3.amazonaws.com/photos/510854149/original.jpg,iNaturalist,CC BY,martint66,True,2025-08-02 12:16:30
375e128f-fa3b-4a87-a446-e5d60648cf8c,67c64ac7-34a8-4bf6-b73c-43c20e8b602e,https://inaturalist-open-data.s3.amazonaws.com/photos/510854170/original.jpg,iNaturalist,CC BY,martint66,True,2025-08-02 12:16:30
5f41bd81-d8c6-4c21-b30b-daa7db134df0,67c64ac7-34a8-4bf6-b73c-43c20e8b602e,https://inaturalist-open-data.s3.amazonaws.com/photos/510538161/original.jpg,iNaturalist,CC BY,marcolivierbeausoleil,True,2025-08-02 12:16:30
333934a0-bf24-43fc-acea-99977e0b6483,67c64ac7-34a8-4bf6-b73c-43c20e8b602e,https://inaturalist-open-data.s3.amazonaws.com/photos/510538154/original.jpg,iNaturalist,CC BY,marcolivierbeausoleil,True,2025-08-02 12:16:30
a4ce7744-8332-4d2d-a49c-956232127c9b,67c64ac7-34a8-4bf6-b73c-43c20e8b602e,https://inaturalist-open-data.s3.amazonaws.com/photos/510538155/original.jpg,iNaturalist,CC BY,marcolivierbeausoleil,True,2025-08-02 12:16:30
bb6b7613-cdb7-476e-b558-d32f64bf21e4,67c64ac7-34a8-4bf6-b73c-43c20e8b602e,https://inaturalist-open-data.s3.amazonaws.com/photos/510537289/original.jpg,iNaturalist,CC BY,marcolivierbeausoleil,True,2025-08-02 12:16:30
7c8aae2d-ea86-4fdd-bb71-7a110fc590a8,67c64ac7-34a8-4bf6-b73c-43c20e8b602e,https://inaturalist-open-data.s3.amazonaws.com/photos/508834076/original.jpg,iNaturalist,CC BY,jlayman,True,2025-08-02 12:16:30
77a4c6ba-2c5e-4e69-9235-6558d4699b77,67c64ac7-34a8-4bf6-b73c-43c20e8b602e,https://inaturalist-open-data.s3.amazonaws.com/photos/508834102/original.jpg,iNaturalist,CC BY,jlayman,True,2025-08-02 12:16:30
9a812c1f-9f66-4311-b010-84a4eebbcf69,67c64ac7-34a8-4bf6-b73c-43c20e8b602e,https://inaturalist-open-data.s3.amazonaws.com/photos/508834109/original.jpg,iNaturalist,CC BY,jlayman,True,2025-08-02 12:16:30
b1cfcdf4-9c02-465f-95b6-d02dabe44e39,67c64ac7-34a8-4bf6-b73c-43c20e8b602e,https://inaturalist-open-data.s3.amazonaws.com/photos/506557740/original.jpg,iNaturalist,CC BY,kevin-anderson,True,2025-08-02 12:16:30
b941d1c5-9101-488a-9150-072632b257a5,67c64ac7-34a8-4bf6-b73c-43c20e8b602e,https://inaturalist-open-data.s3.amazonaws.com/photos/506557670/original.jpg,iNaturalist,CC BY,blakemross,True,2025-08-02 12:16:30
9907ecb0-df93-490c-94e9-8e51bf3a61c4,67c64ac7-34a8-4bf6-b73c-43c20e8b602e,https://inaturalist-open-data.s3.amazonaws.com/photos/506557656/original.jpg,iNaturalist,CC BY,blakemross,True,2025-08-02 12:16:30
aae5a43c-614d-4fce-adb1-b88b8d8f320d,67c64ac7-34a8-4bf6-b73c-43c20e8b602e,https://inaturalist-open-data.s3.amazonaws.com/photos/506557650/original.jpg,iNaturalist,CC BY,blakemross,True,2025-08-02 12:16:30
7211157c-036b-40dc-85f1-91534f634b1a,67c64ac7-34a8-4bf6-b73c-43c20e8b602e,https://inaturalist-open-data.s3.amazonaws.com/photos/506557641/original.jpg,iNaturalist,CC BY,blakemross,True,2025-08-02 12:16:30
bcaad29f-4c48-4bde-a402-db757cb90725,67c64ac7-34a8-4bf6-b73c-43c20e8b602e,https://inaturalist-open-data.s3.amazonaws.com/photos/505248567/original.jpg,iNaturalist,CC BY,johnyochum,True,2025-08-02 12:16:30
b09eb9aa-8282-43f0-8886-c8b619594f0e,67c64ac7-34a8-4bf6-b73c-43c20e8b602e,https://inaturalist-open-data.s3.amazonaws.com/photos/504913576/original.jpg,iNaturalist,CC BY,sdz456,True,2025-08-02 12:16:30
49138f09-4325-406d-a70a-9a9e25fc66d5,67c64ac7-34a8-4bf6-b73c-43c20e8b602e,https://inaturalist-open-data.s3.amazonaws.com/photos/503312172/original.jpg,iNaturalist,CC BY,kirk_gardner,True,2025-08-02 12:16:30
1f0efd8b-02e6-4e66-8c8c-15ece602c429,9618ae56-69f9-4443-864b-b91a75d70918,https://inaturalist-open-data.s3.amazonaws.com/photos/545873288/original.jpg,iNaturalist,CC BY,gjecology,True,2025-08-02 12:16:44
926dfd16-4699-434e-8591-28a2d24511e6,9618ae56-69f9-4443-864b-b91a75d70918,https://inaturalist-open-data.s3.amazonaws.com/photos/545653828/original.jpg,iNaturalist,CC BY,kalvinchan,True,2025-08-02 12:16:44
90c6e4ed-6889-4996-be3a-41e2037d8307,9618ae56-69f9-4443-864b-b91a75d70918,https://inaturalist-open-data.s3.amazonaws.com/photos/545653876/original.jpg,iNaturalist,CC BY,kalvinchan,True,2025-08-02 12:16:44
fec42d89-a401-4915-9e98-671afb3571d1,9618ae56-69f9-4443-864b-b91a75d70918,https://inaturalist-open-data.s3.amazonaws.com/photos/545530759/original.jpg,iNaturalist,CC BY,jimsox,True,2025-08-02 12:16:44
eb61c37f-8b44-4190-b703-274eb4d2ce48,9618ae56-69f9-4443-864b-b91a75d70918,https://inaturalist-open-data.s3.amazonaws.com/photos/545274184/original.jpg,iNaturalist,CC BY,reishisagnik,True,2025-08-02 12:16:44
0715f74c-71c1-4bca-a8b0-d5286f446f8a,9618ae56-69f9-4443-864b-b91a75d70918,https://inaturalist-open-data.s3.amazonaws.com/photos/545274131/original.jpg,iNaturalist,CC BY,reishisagnik,True,2025-08-02 12:16:44
8254999e-f623-447a-83d0-779237d7e58d,9618ae56-69f9-4443-864b-b91a75d70918,https://inaturalist-open-data.s3.amazonaws.com/photos/545093546/original.jpg,iNaturalist,CC0,elimadmartigan,True,2025-08-02 12:16:44
2dd01f79-f854-40d1-b6a2-023cee2ee2d5,9618ae56-69f9-4443-864b-b91a75d70918,https://inaturalist-open-data.s3.amazonaws.com/photos/545093525/original.jpg,iNaturalist,CC0,elimadmartigan,True,2025-08-02 12:16:44
a70f5b1f-0280-483e-aff3-384d03894a5c,9618ae56-69f9-4443-864b-b91a75d70918,https://inaturalist-open-data.s3.amazonaws.com/photos/545104807/original.jpg,iNaturalist,CC BY,chinbrad,True,2025-08-02 12:16:44
d28459da-9d3b-4acf-8037-b507047b22af,ed054145-572e-4e92-ae56-7e9a70a0f550,https://inaturalist-open-data.s3.amazonaws.com/photos/545093525/original.jpg,iNaturalist,CC0,elimadmartigan,True,2025-08-02 12:16:58
84a9f000-7fd1-46d3-9f25-c3d57821fb51,ed054145-572e-4e92-ae56-7e9a70a0f550,https://inaturalist-open-data.s3.amazonaws.com/photos/545049408/original.jpg,iNaturalist,CC BY,brunoluka,True,2025-08-02 12:16:58
04c3e64d-d98b-4ddb-a3f2-49a3ca4ee998,ed054145-572e-4e92-ae56-7e9a70a0f550,https://inaturalist-open-data.s3.amazonaws.com/photos/545049433/original.jpg,iNaturalist,CC BY,brunoluka,True,2025-08-02 12:16:58
2796fceb-937e-4ecb-b0f4-94372b922a1a,ed054145-572e-4e92-ae56-7e9a70a0f550,https://inaturalist-open-data.s3.amazonaws.com/photos/544493947/original.jpg,iNaturalist,CC BY,reishisagnik,True,2025-08-02 12:16:58
ab2fd9d1-4bb1-4d16-87f8-c3cebac77944,ed054145-572e-4e92-ae56-7e9a70a0f550,https://inaturalist-open-data.s3.amazonaws.com/photos/543350504/original.jpg,iNaturalist,CC BY,nickmaz,True,2025-08-02 12:16:58
8feee6f7-9486-45a3-be1b-2c655ed228da,ed054145-572e-4e92-ae56-7e9a70a0f550,https://inaturalist-open-data.s3.amazonaws.com/photos/543350539/original.jpg,iNaturalist,CC BY,nickmaz,True,2025-08-02 12:16:58
011a5921-a276-449f-9d04-03b52c7032ba,ed054145-572e-4e92-ae56-7e9a70a0f550,https://inaturalist-open-data.s3.amazonaws.com/photos/543350551/original.jpg,iNaturalist,CC BY,nickmaz,True,2025-08-02 12:16:58
6c25e6ca-02c2-46fc-863c-438a63dd2760,ed054145-572e-4e92-ae56-7e9a70a0f550,https://inaturalist-open-data.s3.amazonaws.com/photos/543350544/original.jpg,iNaturalist,CC BY,nickmaz,True,2025-08-02 12:16:58
9e55f83d-f46a-453d-8ddf-7abde248f35d,ed054145-572e-4e92-ae56-7e9a70a0f550,https://inaturalist-open-data.s3.amazonaws.com/photos/543350735/original.jpg,iNaturalist,CC BY,nickmaz,True,2025-08-02 12:16:58
dd3c9ea5-fc77-4b8b-a1a4-2c2d40bec1bb,ed054145-572e-4e92-ae56-7e9a70a0f550,https://inaturalist-open-data.s3.amazonaws.com/photos/543350346/original.jpg,iNaturalist,CC BY,nickmaz,True,2025-08-02 12:16:58
786aa8d9-09d2-46db-b05d-379477d74e94,ed054145-572e-4e92-ae56-7e9a70a0f550,https://inaturalist-open-data.s3.amazonaws.com/photos/543350225/original.jpg,iNaturalist,CC BY,nickmaz,True,2025-08-02 12:16:58
e833ecac-a167-47c1-9a49-78d276cb68dd,ed054145-572e-4e92-ae56-7e9a70a0f550,https://inaturalist-open-data.s3.amazonaws.com/photos/543350285/original.jpg,iNaturalist,CC BY,nickmaz,True,2025-08-02 12:16:58
682b99ed-9765-4bb0-b7ed-b087dc958098,ed054145-572e-4e92-ae56-7e9a70a0f550,https://inaturalist-open-data.s3.amazonaws.com/photos/543350018/original.jpg,iNaturalist,CC BY,nickmaz,True,2025-08-02 12:16:58
3a2fcaf6-0a56-49a9-a8ca-2fd5124b8988,ed054145-572e-4e92-ae56-7e9a70a0f550,https://inaturalist-open-data.s3.amazonaws.com/photos/543350003/original.jpg,iNaturalist,CC BY,nickmaz,True,2025-08-02 12:16:58
a12f931b-93d5-4283-8cc8-484bcac7758f,ed054145-572e-4e92-ae56-7e9a70a0f550,https://inaturalist-open-data.s3.amazonaws.com/photos/543350022/original.jpg,iNaturalist,CC BY,nickmaz,True,2025-08-02 12:16:58
87a49f7b-d6ed-4906-bd77-4b215875a6bc,ed054145-572e-4e92-ae56-7e9a70a0f550,https://inaturalist-open-data.s3.amazonaws.com/photos/543349688/original.jpg,iNaturalist,CC BY,nickmaz,True,2025-08-02 12:16:58
5f860af8-b558-41ae-aef8-4fd23a1a0aba,ed054145-572e-4e92-ae56-7e9a70a0f550,https://inaturalist-open-data.s3.amazonaws.com/photos/543349612/original.jpg,iNaturalist,CC BY,nickmaz,True,2025-08-02 12:16:58
ffc02e21-47ec-40ab-9067-bdf9429fb377,ed054145-572e-4e92-ae56-7e9a70a0f550,https://inaturalist-open-data.s3.amazonaws.com/photos/543349636/original.jpg,iNaturalist,CC BY,nickmaz,True,2025-08-02 12:16:58
7d1d64e6-72bc-4a92-83bf-de26e3e9f8c8,ed054145-572e-4e92-ae56-7e9a70a0f550,https://inaturalist-open-data.s3.amazonaws.com/photos/543349643/original.jpg,iNaturalist,CC BY,nickmaz,True,2025-08-02 12:16:58
5b4397fa-caa3-4482-a938-b5bc2794f000,ed054145-572e-4e92-ae56-7e9a70a0f550,https://inaturalist-open-data.s3.amazonaws.com/photos/543349677/original.jpg,iNaturalist,CC BY,nickmaz,True,2025-08-02 12:16:58
bb215fda-2138-430c-bfea-caf000cec896,ed054145-572e-4e92-ae56-7e9a70a0f550,https://inaturalist-open-data.s3.amazonaws.com/photos/541946414/original.jpg,iNaturalist,CC BY,canis_lagopus,True,2025-08-02 12:16:58
f419894a-0e54-4d3a-b110-d0eaf65f48d8,ed054145-572e-4e92-ae56-7e9a70a0f550,https://inaturalist-open-data.s3.amazonaws.com/photos/535916177/original.jpg,iNaturalist,CC BY,lnlcflx,True,2025-08-02 12:16:58
8eb98e8f-f92b-45e3-acc5-d7be1d8b974d,ed054145-572e-4e92-ae56-7e9a70a0f550,https://inaturalist-open-data.s3.amazonaws.com/photos/535916356/original.jpg,iNaturalist,CC BY,lnlcflx,True,2025-08-02 12:16:58
a265e658-d13d-4528-b6df-3c5027382f16,ed054145-572e-4e92-ae56-7e9a70a0f550,https://inaturalist-open-data.s3.amazonaws.com/photos/535916500/original.jpg,iNaturalist,CC BY,lnlcflx,True,2025-08-02 12:16:58
b1d5ca74-905b-48c6-908f-dbe39022fb7c,ed054145-572e-4e92-ae56-7e9a70a0f550,https://inaturalist-open-data.s3.amazonaws.com/photos/535916575/original.jpg,iNaturalist,CC BY,lnlcflx,True,2025-08-02 12:16:58
0093472d-27c0-4b3f-918d-ab8944c9e728,ed054145-572e-4e92-ae56-7e9a70a0f550,https://inaturalist-open-data.s3.amazonaws.com/photos/535077382/original.jpg,iNaturalist,CC BY,karimhaddad,True,2025-08-02 12:16:58
a96d19cc-df65-4dbb-ade8-ed3b72ff735c,ed054145-572e-4e92-ae56-7e9a70a0f550,https://inaturalist-open-data.s3.amazonaws.com/photos/533560847/original.jpg,iNaturalist,CC0,piestuff,True,2025-08-02 12:16:58
5b633f4f-fcbb-4268-b6ca-3a92a2980b7b,ed054145-572e-4e92-ae56-7e9a70a0f550,https://inaturalist-open-data.s3.amazonaws.com/photos/533560895/original.jpg,iNaturalist,CC0,piestuff,True,2025-08-02 12:16:58
9d345b5a-cc2b-4caa-826b-44fba6b1b295,ed054145-572e-4e92-ae56-7e9a70a0f550,https://inaturalist-open-data.s3.amazonaws.com/photos/533560946/original.jpg,iNaturalist,CC0,piestuff,True,2025-08-02 12:16:58
1dbb2a5e-de6a-4e82-9b34-43ec03d6f6af,ed054145-572e-4e92-ae56-7e9a70a0f550,https://inaturalist-open-data.s3.amazonaws.com/photos/533346172/original.jpg,iNaturalist,CC0,sparviera,True,2025-08-02 12:16:58
a5e1195f-9a4d-4800-b126-c4b3db9da73d,ed054145-572e-4e92-ae56-7e9a70a0f550,https://inaturalist-open-data.s3.amazonaws.com/photos/533346204/original.jpg,iNaturalist,CC0,sparviera,True,2025-08-02 12:16:58
fb849486-1e96-4140-a83c-668a52711f1a,ed054145-572e-4e92-ae56-7e9a70a0f550,https://inaturalist-open-data.s3.amazonaws.com/photos/532020104/original.jpg,iNaturalist,CC0,hamiltonturner,True,2025-08-02 12:16:58
bdc5f8fc-e7ce-4493-b100-97130d98e28d,ed054145-572e-4e92-ae56-7e9a70a0f550,https://inaturalist-open-data.s3.amazonaws.com/photos/532020153/original.jpg,iNaturalist,CC0,hamiltonturner,True,2025-08-02 12:16:58
1e711c40-5040-421a-898d-05cf01a0a837,ed054145-572e-4e92-ae56-7e9a70a0f550,https://inaturalist-open-data.s3.amazonaws.com/photos/532020200/original.jpg,iNaturalist,CC0,hamiltonturner,True,2025-08-02 12:16:58
c311ff04-d054-4929-879b-75d0ee4246b5,ed054145-572e-4e92-ae56-7e9a70a0f550,https://inaturalist-open-data.s3.amazonaws.com/photos/532019400/original.jpg,iNaturalist,CC0,hamiltonturner,True,2025-08-02 12:16:58
e3f95060-1f33-47ba-8dc9-ac44d0cc6d18,ed054145-572e-4e92-ae56-7e9a70a0f550,https://inaturalist-open-data.s3.amazonaws.com/photos/531745243/original.jpg,iNaturalist,CC BY,matteo_alvise,True,2025-08-02 12:16:58
67b57584-62c6-479f-bd23-29fee3acb1cf,ed054145-572e-4e92-ae56-7e9a70a0f550,https://inaturalist-open-data.s3.amazonaws.com/photos/531570253/original.jpg,iNaturalist,CC BY,ana_kaahanui,True,2025-08-02 12:16:58
b3227b9d-a221-449c-b3fa-4f2580d2d6c9,ed054145-572e-4e92-ae56-7e9a70a0f550,https://inaturalist-open-data.s3.amazonaws.com/photos/531446742/original.jpg,iNaturalist,CC BY,sambiology,True,2025-08-02 12:16:58
7a3fbc4c-897b-4eb4-927c-d512d568aceb,ed054145-572e-4e92-ae56-7e9a70a0f550,https://inaturalist-open-data.s3.amazonaws.com/photos/531356851/original.jpg,iNaturalist,CC BY,attilaolah,True,2025-08-02 12:16:58
74bba131-7b18-40f7-b316-6f978e7a0aa8,ed054145-572e-4e92-ae56-7e9a70a0f550,https://inaturalist-open-data.s3.amazonaws.com/photos/531356850/original.jpg,iNaturalist,CC BY,attilaolah,True,2025-08-02 12:16:58
5cee49fc-4ac2-4f5e-9fe4-80355172391b,ed054145-572e-4e92-ae56-7e9a70a0f550,https://inaturalist-open-data.s3.amazonaws.com/photos/530479187/original.jpg,iNaturalist,CC0,tampabirdman,True,2025-08-02 12:16:58
86718a03-408d-4adb-a64b-40fbf21390cc,ed054145-572e-4e92-ae56-7e9a70a0f550,https://inaturalist-open-data.s3.amazonaws.com/photos/530172005/original.jpg,iNaturalist,CC BY,quirijnvds,True,2025-08-02 12:16:58
25de5f3d-6be3-40ca-9604-631137ebac07,ed054145-572e-4e92-ae56-7e9a70a0f550,https://inaturalist-open-data.s3.amazonaws.com/photos/527947341/original.jpg,iNaturalist,CC BY SA,shivss,True,2025-08-02 12:16:58
4e069550-05d8-45d4-a005-ff4e6b19b734,ed054145-572e-4e92-ae56-7e9a70a0f550,https://inaturalist-open-data.s3.amazonaws.com/photos/527784690/original.jpg,iNaturalist,CC BY,connlindajo,True,2025-08-02 12:16:58
a08e0c0f-fc86-4989-854e-c881bbb0226a,ed054145-572e-4e92-ae56-7e9a70a0f550,https://inaturalist-open-data.s3.amazonaws.com/photos/527785660/original.jpg,iNaturalist,CC BY,connlindajo,True,2025-08-02 12:16:58
fd0dd126-ad8f-4c60-ae8e-9a9e54c02c65,ed054145-572e-4e92-ae56-7e9a70a0f550,https://inaturalist-open-data.s3.amazonaws.com/photos/527784283/original.jpg,iNaturalist,CC BY,connlindajo,True,2025-08-02 12:16:58
da1b6857-14fe-445c-8c60-b22159c93b08,ed054145-572e-4e92-ae56-7e9a70a0f550,https://inaturalist-open-data.s3.amazonaws.com/photos/527784609/original.jpg,iNaturalist,CC BY,connlindajo,True,2025-08-02 12:16:58
dbf6f7c7-df19-4544-a052-1d90a1d53ce6,ed054145-572e-4e92-ae56-7e9a70a0f550,https://inaturalist-open-data.s3.amazonaws.com/photos/527785609/original.jpg,iNaturalist,CC BY,connlindajo,True,2025-08-02 12:16:58
568229b8-2623-47a4-b8d9-9087996706fb,ed054145-572e-4e92-ae56-7e9a70a0f550,https://inaturalist-open-data.s3.amazonaws.com/photos/527784366/original.jpg,iNaturalist,CC BY,connlindajo,True,2025-08-02 12:16:58
49fcd164-800b-457c-9c37-bd9c7b274175,ed054145-572e-4e92-ae56-7e9a70a0f550,https://inaturalist-open-data.s3.amazonaws.com/photos/525648809/original.jpg,iNaturalist,CC BY,cheryl394,True,2025-08-02 12:16:58
343716c1-4663-4fde-8a02-8a76b57b6f57,ed054145-572e-4e92-ae56-7e9a70a0f550,https://inaturalist-open-data.s3.amazonaws.com/photos/525390581/original.jpg,iNaturalist,CC0,fake_id,True,2025-08-02 12:16:58
be2b8b3b-2825-4425-97d7-0344b4643c97,ed054145-572e-4e92-ae56-7e9a70a0f550,https://inaturalist-open-data.s3.amazonaws.com/photos/524742416/original.jpg,iNaturalist,CC BY,ardeinae,True,2025-08-02 12:16:58
bf036c34-ce4f-4649-929f-6a64a0f4ba33,ed054145-572e-4e92-ae56-7e9a70a0f550,https://inaturalist-open-data.s3.amazonaws.com/photos/524742388/original.jpg,iNaturalist,CC BY,ardeinae,True,2025-08-02 12:16:58
dcd7b47b-5e0f-4fca-a4c4-cf633dd0e2cc,ed054145-572e-4e92-ae56-7e9a70a0f550,https://inaturalist-open-data.s3.amazonaws.com/photos/524742350/original.jpg,iNaturalist,CC BY,ardeinae,True,2025-08-02 12:16:58
fea9dc01-00af-4960-84dd-d38700d39ee9,ed054145-572e-4e92-ae56-7e9a70a0f550,https://inaturalist-open-data.s3.amazonaws.com/photos/524742332/original.jpg,iNaturalist,CC BY,ardeinae,True,2025-08-02 12:16:58
df4cad10-2f3c-49dc-9e6a-4949d3440078,ed054145-572e-4e92-ae56-7e9a70a0f550,https://inaturalist-open-data.s3.amazonaws.com/photos/524742321/original.jpg,iNaturalist,CC BY,ardeinae,True,2025-08-02 12:16:58
